CODI_PROVINCIA,PROVINCIA,CODI_MUNICIPI,MUNICIPI,ESTACIO,CODI_CONTAMINANT,ANY,MES,DIA,H01,V01,H02,V02,H03,V03,H04,V04,H05,V05,H06,V06,H07,V07,H08,V08,H09,V09,H10,V10,H11,V11,H12,V12,H13,V13,H14,V14,H15,V15,H16,V16,H17,V17,H18,V18,H19,V19,H20,V20,H21,V21,H22,V22,H23,V23,H24,V24
08,Barcelona,019,Barcelona,043,999,2025,12,24,19,V,18.8,V,31.1,V,39.8,V,31.2,V,20.1,V,17.4,V,14.9,V,14.2,V,14.6,V,14,V,12.5,V,14.2,V,16.3,V,15.4,V,16.5,V,17.9,V,18.2,V,22.1,V,23.9,V,22.3,V,18.6,V,26.7,V,30.9,V
08,Barcelona,019,Barcelona,043,999,2025,12,25,28.1,V,33.4,V,34.9,V,32.9,V,27.1,V,17.9,V,16.4,V,11.5,V,16.1,V,21.8,V,23.2,V,25.7,V,23.4,V,22.9,V,24.7,V,31.8,V,36.2,V,28.4,V,25.2,V,25.3,V,24.9,V,26,V,26.9,V,22.1,V
08,Barcelona,019,Barcelona,043,999,2025,12,26,18.3,V,24.1,V,24.4,V,15.8,V,15.5,V,24.5,V,17.9,V,15.5,V,13.9,V,12.6,V,14.3,V,14.1,V,18.1,V,15,V,14.4,V,15.7,V,15.9,V,14.1,V,13.5,V,14.8,V,12.1,V,12.2,V,9.8,V,16.9,V
08,Barcelona,019,Barcelona,043,999,2025,12,27,19.1,V,19.5,V,16,V,19.1,V,16.3,V,8.9,V,13.3,V,10.8,V,11.7,V,11.1,V,10,V,11.9,V,12.2,V,,N,,N,,N,,N,,N,,N,,N,,N,,N,,N,,N
08,Barcelona,019,Barcelona,054,999,2025,12,24,24,V,35.3,V,39.9,V,38.7,V,29.9,V,32.8,V,26.3,V,24.1,V,22.1,V,25.5,V,23.1,V,24.5,V,24.9,V,,N,21.3,V,21.6,V,23.2,V,23.4,V,24,V,23.6,V,18.4,V,24,V,24.4,V,33.5,V
08,Barcelona,019,Barcelona,054,999,2025,12,25,34.8,V,40.2,V,40.8,V,36.5,V,31.2,V,32.3,V,29.4,V,25.6,V,25.6,V,26.2,V,26.1,V,24.7,V,22.3,V,22.1,V,27.1,V,29.7,V,29.4,V,25.4,V,22.8,V,21.7,V,22.9,V,24.6,V,30,V,27.6,V
08,Barcelona,019,Barcelona,054,999,2025,12,26,24.8,V,25.9,V,31.2,V,20.9,V,30,V,27.5,V,18.4,V,21.9,V,23.6,V,21.4,V,24.8,V,19,V,18,V,15,V,17.7,V,32.8,V,22.7,V,19.3,V,19.1,V,18.1,V,16.7,V,18.5,V,13.8,V,10.2,V
08,Barcelona,019,Barcelona,054,999,2025,12,27,21.2,V,25,V,22,V,23.2,V,31.7,V,15.9,V,13.3,V,14.6,V,15.1,V,14.5,V,17.1,V,14.8,V,20.8,V,,N,,N,,N,,N,,N,,N,,N,,N,,N,,N,,N
08,Barcelona,019,Barcelona,043,22,2025,12,24,366,V,659,V,314,V,208,V,344,V,543,V,1217,V,786,V,1150,V,600,V,863,V,628,V,870,V,661,V,861,V,725,V,616,V,601,V,620,V,927,V,978,V,1685,V,1259,V,795,V
08,Barcelona,019,Barcelona,043,22,2025,12,25,687,V,1155,V,1165,V,773,V,512,V,333,V,291,V,337,V,285,V,433,V,388,V,616,V,849,V,807,V,1043,V,931,V,628,V,551,V,627,V,579,V,695,V,793,V,541,V,341,V
08,Barcelona,019,Barcelona,043,22,2025,12,26,,N,547,V,103,V,97,V,97,V,81,V,157,V,109,V,156,V,154,V,186,V,331,V,632,V,651,V,776,V,388,V,373,V,466,V,522,V,614,V,580,V,516,V,399,V,279,V
08,Barcelona,019,Barcelona,043,22,2025,12,27,297,V,232,V,204,V,125,V,144,V,359,V,231,V,216,V,274,V,247,V,772,V,765,V,430,V,,N,,N,,N,,N,,N,,N,,N,,N,,N,,N,,N
08,Barcelona,019,Barcelona,054,22,2025,12,24,127,V,172,V,186,V,157,V,192,V,260,V,260,V,372,V,497,V,267,V,305,V,316,V,409,V,,N,596,V,579,V,617,V,573,V,601,V,669,V,1054,V,1235,V,1050,V,1320,V
08,Barcelona,019,Barcelona,054,22,2025,12,25,1712,V,1074,V,826,V,393,V,299,V,207,V,205,V,223,V,278,V,293,V,355,V,541,V,754,V,704,V,653,V,645,V,444,V,417,V,490,V,404,V,421,V,446,V,376,V,206,V
08,Barcelona,019,Barcelona,054,22,2025,12,26,,N,78,V,61,V,111,V,87,V,66,V,142,V,136,V,136,V,161,V,187,V,295,V,331,V,529,V,433,V,234,V,281,V,756,V,532,V,527,V,324,V,400,V,217,V,271,V
08,Barcelona,019,Barcelona,054,22,2025,12,27,247,V,194,V,142,V,137,V,176,V,258,V,201,V,216,V,238,V,362,V,339,V,426,V,366,V,,N,,N,,N,,N,,N,,N,,N,,N,,N,,N,,N
08,Barcelona,019,Barcelona,043,6,2025,12,24,0.2,V,0.2,V,0.2,V,0.2,V,0.2,V,0.2,V,0.3,V,0.3,V,0.3,V,0.2,V,0.3,V,0.2,V,0.3,V,0.2,V,0.3,V,0.2,V,0.2,V,0.2,V,0.2,V,0.2,V,0.3,V,0.4,V,0.3,V,0.2,V
08,Barcelona,019,Barcelona,043,6,2025,12,25,0.2,V,0.2,V,0.2,V,0.2,V,0.2,V,0.2,V,0.2,V,0.2,V,0.2,V,0.2,V,0.2,V,0.2,V,0.2,V,0.2,V,0.2,V,0.2,V,0.3,V,0.2,V,0.2,V,0.2,V,0.2,V,0.3,V,0.2,V,0.2,V
08,Barcelona,019,Barcelona,043,6,2025,12,26,0.2,V,0.2,V,0.2,V,0.2,V,0.2,V,0.2,V,0.2,V,0.2,V,0.2,V,0.2,V,0.2,V,0.2,V,0.2,V,0.2,V,0.2,V,0.2,V,0.2,V,0.2,V,0.2,V,0.2,V,0.2,V,0.2,V,0.2,V,0.2,V
08,Barcelona,019,Barcelona,043,6,2025,12,27,0.2,V,0.2,V,0.2,V,0.2,V,0.2,V,0.2,V,0.2,V,0.2,V,0.2,V,0.2,V,0.2,V,0.2,V,0.2,V,,N,,N,,N,,N,,N,,N,,N,,N,,N,,N,,N
08,Barcelona,019,Barcelona,057,6,2025,12,24,0.4,V,0.4,V,0.4,V,0.4,V,0.4,V,0.5,V,0.4,V,0.5,V,0.6,V,0.5,V,0.5,V,0.5,V,0.5,V,0.4,V,0.3,V,0.3,V,0.3,V,0.3,V,0.3,V,0.3,V,0.3,V,0.3,V,0.4,V,0.4,V
08,Barcelona,019,Barcelona,057,6,2025,12,25,0.3,V,0.4,V,0.4,V,0.4,V,0.4,V,0.3,V,0.3,V,0.4,V,0.4,V,0.4,V,0.3,V,0.4,V,0.4,V,0.2,V,0.3,V,0.3,V,0.2,V,0.3,V,0.3,V,0.3,V,0.2,V,0.2,V,0.2,V,0.2,V
08,Barcelona,019,Barcelona,057,6,2025,12,26,0.2,V,0.2,V,0.2,V,0.2,V,0.2,V,0.2,V,0.2,V,0.1,V,0.1,V,0.1,V,0.2,V,0.1,V,0.2,V,0.1,V,0.2,V,0.2,V,0.2,V,0.2,V,0.2,V,0.2,V,0.2,V,0.2,V,0.2,V,0.2,V
08,Barcelona,019,Barcelona,057,6,2025,12,27,0.2,V,0.2,V,0.2,V,0.2,V,0.3,V,0.2,V,0.2,V,0.2,V,0.2,V,0.2,V,0.2,V,0.2,V,0.2,V,,N,,N,,N,,N,,N,,N,,N,,N,,N,,N,,N
08,Barcelona,019,Barcelona,057,106,2025,12,24,0.37,V,0.41,V,0.42,V,0.41,V,0.4,V,0.47,V,0.44,V,0.5,V,0.56,V,0.53,V,0.48,V,0.48,V,0.48,V,0.4,V,0.27,V,0.28,V,0.3,V,0.29,V,0.32,V,0.3,V,0.32,V,0.34,V,0.39,V,0.38,V
08,Barcelona,019,Barcelona,057,106,2025,12,25,0.33,V,0.36,V,0.4,V,0.34,V,0.35,V,0.32,V,0.35,V,0.38,V,0.37,V,0.39,V,0.35,V,0.36,V,0.34,V,0.26,V,0.24,V,0.28,V,0.23,V,0.26,V,0.28,V,0.25,V,0.23,V,0.21,V,0.22,V,0.23,V
08,Barcelona,019,Barcelona,057,106,2025,12,26,0.21,V,0.22,V,0.21,V,0.18,V,0.19,V,0.18,V,0.17,V,0.12,V,0.14,V,0.14,V,0.19,V,0.13,V,0.16,V,0.11,V,0.18,V,0.24,V,0.22,V,0.22,V,0.2,V,0.2,V,0.2,V,0.22,V,0.2,V,0.21,V
08,Barcelona,019,Barcelona,057,106,2025,12,27,0.22,V,0.22,V,0.21,V,0.21,V,0.24,V,0.22,V,0.19,V,0.17,V,0.2,V,0.18,V,0.17,V,0.16,V,0.18,V,,N,,N,,N,,N,,N,,N,,N,,N,,N,,N,,N
08,Barcelona,019,Barcelona,054,6,2025,12,24,0.2,V,0.2,V,0.2,V,0.2,V,0.2,V,0.2,V,0.2,V,0.2,V,0.2,V,0.2,V,0.2,V,0.2,V,0.2,V,0.2,V,0.2,V,0.2,V,0.2,V,0.2,V,0.2,V,0.2,V,0.3,V,0.3,V,0.3,V,0.3,V
08,Barcelona,019,Barcelona,054,6,2025,12,25,0.3,V,0.3,V,0.3,V,0.3,V,0.2,V,0.2,V,0.2,V,0.2,V,0.3,V,0.2,V,0.2,V,0.2,V,0.3,V,0.3,V,0.2,V,0.3,V,0.2,V,0.2,V,0.3,V,0.2,V,0.3,V,0.2,V,0.2,V,0.2,V
08,Barcelona,019,Barcelona,054,6,2025,12,26,0.2,V,0.2,V,0.2,V,0.2,V,0.2,V,0.2,V,0.2,V,0.2,V,0.2,V,0.2,V,0.2,V,0.2,V,0.2,V,0.2,V,0.2,V,0.2,V,0.2,V,0.2,V,0.2,V,0.2,V,0.2,V,0.2,V,0.2,V,0.2,V
08,Barcelona,019,Barcelona,054,6,2025,12,27,0.2,V,0.2,V,0.2,V,0.2,V,0.2,V,0.2,V,0.2,V,0.2,V,0.2,V,0.2,V,0.2,V,0.2,V,0.2,V,,N,,N,,N,,N,,N,,N,,N,,N,,N,,N,,N
08,Barcelona,019,Barcelona,043,997,2025,12,24,3909,V,3909,V,3909,V,3909,V,3909,V,3908.9,V,3905.2,V,3898.4,V,3897.1,V,3897,V,3897,V,3897,V,3896.7,V,3893.6,V,3889.1,V,3886,V,3885.1,V,3885,V,3885,V,3885,V,3885,V,3885,V,3909.3,V,3909,V
08,Barcelona,019,Barcelona,043,997,2025,12,25,3909,V,3908.8,V,3905.8,V,3900.3,V,3898.1,V,3897.6,V,3897.3,V,3897.1,V,3897,V,3897,V,3897,V,3897,V,3897,V,3897,V,3897,V,3897,V,3896.3,V,3894.2,V,3907.5,V,3921,V,3921,V,3921,V,3920,V,3915.8,V
08,Barcelona,019,Barcelona,043,997,2025,12,26,3896.5,V,3908.9,V,3909,V,3909,V,3908.9,V,3908.8,V,3908.7,V,3908.3,V,3907.3,V,3906.8,V,3905.8,V,3903.6,V,3900.4,V,3897.6,V,3897,V,3897,V,3897,V,3897,V,3897,V,3897,V,3897,V,3897,V,3897,V,3897,V
08,Barcelona,019,Barcelona,043,997,2025,12,27,3897,V,3896.9,V,3896.8,V,3896.4,V,3896.1,V,3895.3,V,3893.9,V,3892.5,V,3891.4,V,3889.9,V,3888,V,3885.9,V,3885.1,V,,N,,N,,N,,N,,N,,N,,N,,N,,N,,N,,N
08,Barcelona,019,Barcelona,054,997,2025,12,24,4079,V,4079,V,4079,V,4079,V,4079,V,4078.8,V,4078,V,4075.4,V,4071.6,V,4069.5,V,4069,V,4069,V,4069,V,,N,4107.2,V,4102.5,V,4099.6,V,4099,V,4099,V,4099,V,4099,V,4098.9,V,4096.5,V,4090.2,V
08,Barcelona,019,Barcelona,054,997,2025,12,25,4089,V,4089,V,4088.5,V,4086.9,V,4085.1,V,4085.6,V,4095.1,V,4091.8,V,4090,V,4089.4,V,4089.1,V,4089,V,4089,V,4089,V,4089,V,4088.9,V,4088,V,4085.9,V,4082.2,V,4080.3,V,4079.8,V,4079.1,V,4079,V,4074.7,V
08,Barcelona,019,Barcelona,054,997,2025,12,26,4077.4,V,4099,V,4099,V,4099,V,4099,V,4099,V,4099,V,4099,V,4099,V,4099,V,4099,V,4099,V,4099,V,4099,V,4098.9,V,4098.7,V,4099,V,4098.9,V,4097.9,V,4095.8,V,4094,V,4091.6,V,4090.2,V,4089.8,V
08,Barcelona,019,Barcelona,054,997,2025,12,27,4089.6,V,4089.3,V,4089.2,V,4089.1,V,4089,V,4089,V,4089,V,4089,V,4089,V,4089,V,4089,V,4089,V,4089,V,,N,,N,,N,,N,,N,,N,,N,,N,,N,,N,,N
08,Barcelona,019,Barcelona,043,996,2025,12,24,1090,V,1090,V,1090,V,1090,V,1090,V,1090.1,V,1093.8,V,1100.6,V,1101.9,V,1102,V,1102,V,1102,V,1102.3,V,1105.4,V,1109.9,V,1113,V,1114,V,1114,V,1114,V,1114,V,1114,V,1114,V,1089.7,V,1090,V
08,Barcelona,019,Barcelona,043,996,2025,12,25,1090,V,1090.2,V,1093.2,V,1098.7,V,1100.9,V,1101.4,V,1101.7,V,1101.9,V,1102,V,1102,V,1102,V,1102,V,1102,V,1102,V,1102,V,1102,V,1102.7,V,1104.8,V,1091.5,V,1078,V,1078,V,1078,V,1079,V,1078.8,V
08,Barcelona,019,Barcelona,043,996,2025,12,26,1086.9,V,1090.1,V,1090,V,1090,V,1090.1,V,1090.2,V,1090.3,V,1090.7,V,1091.7,V,1092.2,V,1093.2,V,1095.4,V,1098.6,V,1101.4,V,1102,V,1102,V,1102,V,1102,V,1102,V,1102,V,1102,V,1102,V,1102,V,1102,V
08,Barcelona,019,Barcelona,043,996,2025,12,27,1102,V,1102.1,V,1102.2,V,1102.7,V,1102.9,V,1103.7,V,1105.1,V,1106.5,V,1107.6,V,1109.1,V,1111,V,1113.2,V,1113.9,V,,N,,N,,N,,N,,N,,N,,N,,N,,N,,N,,N
08,Barcelona,019,Barcelona,054,996,2025,12,24,892.9,V,893,V,892.9,V,892.9,V,892.8,V,893.2,V,894,V,896.6,V,900.4,V,902.4,V,902.9,V,902.9,V,902.9,V,,N,864.9,V,869.5,V,872.6,V,873.1,V,873.1,V,873.1,V,873.1,V,873.4,V,875.7,V,881.8,V
08,Barcelona,019,Barcelona,054,996,2025,12,25,883.1,V,883,V,883.5,V,885.2,V,887.1,V,886.5,V,877,V,880.2,V,882,V,882.6,V,883,V,883.1,V,883,V,883,V,883.1,V,883.1,V,884,V,886.2,V,889.9,V,891.8,V,892.2,V,892.8,V,892.9,V,879.9,V
08,Barcelona,019,Barcelona,054,996,2025,12,26,878.4,V,873.2,V,873.1,V,873.2,V,873.3,V,873.2,V,873.1,V,873.1,V,873.1,V,873.1,V,873,V,873,V,873.1,V,873.2,V,873.2,V,873.3,V,873.1,V,873.2,V,874.1,V,876.3,V,878,V,880.5,V,881.9,V,882.2,V
08,Barcelona,019,Barcelona,054,996,2025,12,27,882.3,V,882.8,V,883,V,883,V,883.1,V,883,V,883,V,883,V,882.9,V,882.9,V,882.9,V,882.9,V,882.9,V,,N,,N,,N,,N,,N,,N,,N,,N,,N,,N,,N
08,Barcelona,019,Barcelona,043,998,2025,12,24,4999,V,4999,V,4999,V,4999,V,4999,V,4999,V,4999,V,4999,V,4999,V,4999,V,4999,V,4999,V,4999,V,4999,V,4999,V,4999,V,4999,V,4999,V,4999,V,4999,V,4999,V,4999,V,4999,V,4999,V
08,Barcelona,019,Barcelona,043,998,2025,12,25,4999,V,4999,V,4999,V,4999,V,4999,V,4999,V,4999,V,4999,V,4999,V,4999,V,4999,V,4999,V,4999,V,4999,V,4999,V,4999,V,4999,V,4999,V,4999,V,4999,V,4999,V,4999,V,4999,V,4980.7,V
08,Barcelona,019,Barcelona,043,998,2025,12,26,4899.8,V,4999,V,4999,V,4999,V,4999,V,4999,V,4999,V,4999,V,4999,V,4999,V,4999,V,4999,V,4999,V,4999,V,4999,V,4999,V,4999,V,4999,V,4999,V,4999,V,4999,V,4999,V,4999,V,4999,V
08,Barcelona,019,Barcelona,043,998,2025,12,27,4999,V,4999,V,4999,V,4999,V,4999,V,4999,V,4999,V,4999,V,4999,V,4999,V,4999,V,4999,V,4999,V,,N,,N,,N,,N,,N,,N,,N,,N,,N,,N,,N
08,Barcelona,019,Barcelona,054,998,2025,12,24,4971.9,V,4972,V,4971.9,V,4971.9,V,4971.8,V,4972,V,4972,V,4972,V,4972,V,4971.9,V,4971.9,V,4971.9,V,4971.9,V,,N,4972.1,V,4972,V,4972.2,V,4972.1,V,4972.1,V,4972.1,V,4972.1,V,4972.2,V,4972.1,V,4972,V
08,Barcelona,019,Barcelona,054,998,2025,12,25,4972.1,V,4972,V,4972,V,4972,V,4972.1,V,4972.1,V,4972.1,V,4972,V,4972,V,4972,V,4972.1,V,4972.1,V,4972,V,4972,V,4972.1,V,4972,V,4972,V,4972,V,4972.1,V,4972,V,4972,V,4971.9,V,4971.9,V,4954.7,V
08,Barcelona,019,Barcelona,054,998,2025,12,26,4872.3,V,4972.2,V,4972.1,V,4972.2,V,4972.3,V,4972.2,V,4972.1,V,4972.1,V,4972.1,V,4972.1,V,4972,V,4972,V,4972.1,V,4972.2,V,4972.1,V,4972,V,4972,V,4972.1,V,4972.1,V,4972.1,V,4972,V,4972.1,V,4972,V,4972,V
08,Barcelona,019,Barcelona,054,998,2025,12,27,4972,V,4972.1,V,4972.1,V,4972,V,4972.1,V,4972,V,4972,V,4972,V,4971.9,V,4971.9,V,4971.9,V,4971.9,V,4971.9,V,,N,,N,,N,,N,,N,,N,,N,,N,,N,,N,,N
08,Barcelona,019,Barcelona,050,7,2025,12,24,1,V,1,V,1,V,1,V,1,V,1,V,3,V,9,V,15,V,12,V,7,V,3,V,3,V,2,V,2,V,1,V,1,V,1,V,1,V,1,V,1,V,1,V,1,V,1,V
08,Barcelona,019,Barcelona,050,7,2025,12,25,1,V,1,V,1,V,1,V,1,V,1,V,1,V,1,V,1,V,1,V,1,V,2,V,2,V,3,V,3,V,1,V,1,V,1,V,1,V,1,V,1,V,1,V,1,V,1,V
08,Barcelona,019,Barcelona,050,7,2025,12,26,1,V,1,V,1,V,1,V,1,V,1,V,1,V,1,V,3,V,1,V,3,V,1,V,1,V,1,V,1,V,1,V,1,V,1,V,1,V,1,V,1,V,1,V,1,V,1,V
08,Barcelona,019,Barcelona,050,7,2025,12,27,1,V,1,V,1,V,1,V,1,V,1,V,1,V,1,V,1,V,1,V,1,V,1,V,1,V,,N,,N,,N,,N,,N,,N,,N,,N,,N,,N,,N
08,Barcelona,019,Barcelona,043,7,2025,12,24,2,V,4,V,2,V,1,V,2,V,3,V,11,V,7,V,7,V,5,V,12,V,7,V,13,V,8,V,8,V,5,V,3,V,4,V,3,V,7,V,6,V,9,V,4,V,5,V
08,Barcelona,019,Barcelona,043,7,2025,12,25,5,V,5,V,4,V,4,V,2,V,2,V,2,V,3,V,3,V,5,V,4,V,7,V,9,V,8,V,8,V,4,V,4,V,3,V,5,V,4,V,4,V,5,V,2,V,1,V
08,Barcelona,019,Barcelona,043,7,2025,12,26,2,V,1,V,1,V,1,V,1,V,1,V,1,V,1,V,1,V,2,V,2,V,3,V,4,V,7,V,5,V,3,V,2,V,4,V,3,V,5,V,4,V,3,V,3,V,2,V
08,Barcelona,019,Barcelona,043,7,2025,12,27,8,V,2,V,1,V,1,V,1,V,2,V,2,V,2,V,2,V,3,V,3,V,3,V,3,V,,N,,N,,N,,N,,N,,N,,N,,N,,N,,N,,N
08,Barcelona,019,Barcelona,044,7,2025,12,24,6,V,3,V,2,V,2,V,1,V,3,V,4,V,6,V,19,V,15,V,9,V,9,V,7,V,6,V,7,V,6,V,7,V,6,V,9,V,5,V,8,V,6,V,5,V,4,V
08,Barcelona,019,Barcelona,044,7,2025,12,25,4,V,6,V,6,V,4,V,3,V,4,V,4,V,3,V,4,V,6,V,4,V,6,V,7,V,9,V,8,V,6,V,5,V,5,V,5,V,6,V,6,V,5,V,3,V,4,V
08,Barcelona,019,Barcelona,044,7,2025,12,26,2,V,2,V,2,V,2,V,3,V,2,V,2,V,2,V,1,V,1,V,2,V,2,V,2,V,3,V,2,V,2,V,2,V,2,V,2,V,2,V,2,V,2,V,1,V,3,V
08,Barcelona,019,Barcelona,044,7,2025,12,27,1,V,1,V,3,V,3,V,2,V,4,V,2,V,2,V,2,V,2,V,5,V,7,V,3,V,,N,,N,,N,,N,,N,,N,,N,,N,,N,,N,,N
08,Barcelona,019,Barcelona,058,7,2025,12,24,1,V,1,V,1,V,1,V,1,V,2,V,2,V,2,V,2,V,2,V,2,V,2,V,2,V,3,V,3,V,2,V,2,V,2,V,2,V,2,V,1,V,2,V,2,V,2,V
08,Barcelona,019,Barcelona,058,7,2025,12,25,2,V,2,V,2,V,2,V,2,V,2,V,2,V,1,V,1,V,2,V,2,V,1,V,1,V,2,V,2,V,2,V,2,V,2,V,2,V,2,V,1,V,1,V,1,V,1,V
08,Barcelona,019,Barcelona,058,7,2025,12,26,1,V,1,V,1,V,1,V,2,V,1,V,1,V,1,V,1,V,1,V,1,V,1,V,1,V,1,V,2,V,2,V,2,V,2,V,2,V,2,V,2,V,2,V,2,V,2,V
08,Barcelona,019,Barcelona,058,7,2025,12,27,2,V,2,V,2,V,2,V,2,V,2,V,2,V,2,V,2,V,2,V,2,V,2,V,2,V,,N,,N,,N,,N,,N,,N,,N,,N,,N,,N,,N
08,Barcelona,019,Barcelona,057,7,2025,12,24,1,V,1,V,1,V,1,V,1,V,1,V,1,V,1,V,3,V,2,V,1,V,1,V,1,V,1,V,1,V,1,V,1,V,1,V,1,V,1,V,1,V,1,V,1,V,1,V
08,Barcelona,019,Barcelona,057,7,2025,12,25,1,V,1,V,1,V,2,V,1,V,1,V,1,V,1,V,1,V,1,V,1,V,1,V,1,V,1,V,1,V,1,V,1,V,1,V,1,V,1,V,1,V,1,V,1,V,1,V
08,Barcelona,019,Barcelona,057,7,2025,12,26,1,V,1,V,1,V,1,V,1,V,1,V,1,V,1,V,1,V,1,V,1,V,1,V,1,V,1,V,1,V,1,V,1,V,1,V,1,V,1,V,1,V,1,V,1,V,1,V
08,Barcelona,019,Barcelona,057,7,2025,12,27,1,V,1,V,1,V,1,V,1,V,1,V,1,V,1,V,1,V,1,V,1,V,1,V,1,V,,N,,N,,N,,N,,N,,N,,N,,N,,N,,N,,N
08,Barcelona,019,Barcelona,057,107,2025,12,24,0.14,V,0.26,V,0.13,V,0.13,V,0.12,V,0.25,V,0.38,V,0.57,V,2.61,V,1.87,V,1.06,V,1.03,V,1.18,V,1.3,V,1.22,V,0.97,V,0.41,V,0.34,V,0.42,V,0.53,V,1.11,V,0.45,V,1.01,V,0.59,V
08,Barcelona,019,Barcelona,057,107,2025,12,25,0.03,V,0.19,V,0.61,V,1.28,V,1.26,V,0.55,V,1.18,V,0.62,V,0.55,V,1.16,V,0.91,V,1.15,V,0.88,V,0.83,V,0.82,V,0.63,V,0.46,V,0.19,V,0.37,V,0.23,V,0.29,V,0.34,V,0.12,V,0.09,V
08,Barcelona,019,Barcelona,057,107,2025,12,26,-0.03,V,0.07,V,-0.02,V,0.07,V,-0.04,V,0.07,V,0.15,V,-0.12,V,-0.08,V,-0.08,V,0,V,0.1,V,0.16,V,0.04,V,0.4,V,0,V,-0.05,V,-0.15,V,-0.08,V,0.01,V,-0.06,V,-0.09,V,-0.09,V,-0.11,V
08,Barcelona,019,Barcelona,057,107,2025,12,27,-0.14,V,-0.14,V,0.07,V,-0.05,V,0.06,V,-0.05,V,0.03,V,-0.07,V,-0.06,V,-0.09,V,0.01,V,-0.02,V,0.12,V,,N,,N,,N,,N,,N,,N,,N,,N,,N,,N,,N
08,Barcelona,019,Barcelona,004,7,2025,12,24,1,V,1,V,1,V,1,V,1,V,1,V,1,V,4,V,15,V,22,V,4,V,2,V,5,V,6,V,2,V,1,V,1,V,3,V,1,V,2,V,2,V,3,V,10,V,4,V
08,Barcelona,019,Barcelona,004,7,2025,12,25,3,V,1,V,1,V,1,V,1,V,1,V,1,V,1,V,1,V,2,V,2,V,3,V,5,V,6,V,7,V,2,V,1,V,2,V,1,V,1,V,1,V,1,V,1,V,1,V
08,Barcelona,019,Barcelona,004,7,2025,12,26,1,V,1,V,1,V,1,V,1,V,1,V,1,V,1,V,1,V,1,V,1,V,1,V,1,V,1,V,1,V,1,V,1,V,1,V,1,V,1,V,1,V,1,V,1,V,1,V
08,Barcelona,019,Barcelona,004,7,2025,12,27,1,V,1,V,1,V,1,V,1,V,1,V,1,V,1,V,1,V,1,V,1,V,1,V,1,V,,N,,N,,N,,N,,N,,N,,N,,N,,N,,N,,N
08,Barcelona,019,Barcelona,042,7,2025,12,24,1,V,1,V,1,V,1,V,1,V,1,V,1,V,1,V,1,V,2,V,2,V,1,V,1,V,1,V,1,V,1,V,1,V,1,V,1,V,1,V,1,V,1,V,1,V,2,V
08,Barcelona,019,Barcelona,042,7,2025,12,25,1,V,1,V,1,V,1,V,1,V,1,V,1,V,1,V,1,V,1,V,1,V,1,V,2,V,2,V,1,V,1,V,1,V,1,V,1,V,2,V,1,V,1,V,1,V,1,V
08,Barcelona,019,Barcelona,042,7,2025,12,26,1,V,1,V,1,V,1,V,1,V,1,V,1,V,1,V,1,V,1,V,1,V,1,V,1,V,1,V,1,V,1,V,1,V,1,V,1,V,1,V,1,V,1,V,1,V,1,V
08,Barcelona,019,Barcelona,042,7,2025,12,27,1,V,1,V,1,V,1,V,1,V,1,V,1,V,1,V,1,V,1,V,1,V,1,V,1,V,,N,,N,,N,,N,,N,,N,,N,,N,,N,,N,,N
08,Barcelona,019,Barcelona,054,7,2025,12,24,1,V,1,V,1,V,1,V,1,V,1,V,1,V,1,V,2,V,1,V,1,V,1,V,2,V,2,V,1,V,1,V,1,V,1,V,1,V,1,V,3,V,2,V,4,V,1,V
08,Barcelona,019,Barcelona,054,7,2025,12,25,2,V,1,V,1,V,1,V,1,V,1,V,1,V,1,V,1,V,1,V,1,V,2,V,4,V,4,V,3,V,2,V,1,V,2,V,1,V,2,V,1,V,1,V,1,V,1,V
08,Barcelona,019,Barcelona,054,7,2025,12,26,1,V,1,V,1,V,1,V,1,V,1,V,1,V,1,V,1,V,1,V,1,V,1,V,1,V,1,V,1,V,1,V,1,V,1,V,1,V,1,V,1,V,1,V,1,V,1,V
08,Barcelona,019,Barcelona,054,7,2025,12,27,1,V,1,V,1,V,1,V,1,V,1,V,1,V,1,V,1,V,1,V,1,V,1,V,1,V,,N,,N,,N,,N,,N,,N,,N,,N,,N,,N,,N
08,Barcelona,019,Barcelona,050,8,2025,12,24,8,V,7,V,10,V,10,V,11,V,14,V,22,V,34,V,46,V,40,V,34,V,18,V,14,V,13,V,15,V,13,V,12,V,12,V,16,V,18,V,24,V,27,V,34,V,14,V
08,Barcelona,019,Barcelona,050,8,2025,12,25,6,V,11,V,20,V,17,V,11,V,9,V,9,V,10,V,10,V,11,V,9,V,10,V,12,V,11,V,15,V,17,V,12,V,11,V,12,V,11,V,9,V,9,V,7,V,7,V
08,Barcelona,019,Barcelona,050,8,2025,12,26,6,V,6,V,6,V,18,V,7,V,8,V,6,V,3,V,4,V,4,V,4,V,3,V,3,V,4,V,4,V,4,V,3,V,4,V,5,V,4,V,3,V,3,V,3,V,3,V
08,Barcelona,019,Barcelona,050,8,2025,12,27,7,V,3,V,3,V,3,V,7,V,4,V,4,V,4,V,4,V,5,V,4,V,12,V,4,V,,N,,N,,N,,N,,N,,N,,N,,N,,N,,N,,N
08,Barcelona,019,Barcelona,043,8,2025,12,24,14,V,17,V,12,V,10,V,21,V,22,V,44,V,35,V,34,V,23,V,31,V,20,V,23,V,18,V,20,V,18,V,20,V,19,V,21,V,27,V,34,V,48,V,36,V,18,V
08,Barcelona,019,Barcelona,043,8,2025,12,25,16,V,25,V,24,V,18,V,12,V,11,V,11,V,11,V,12,V,14,V,12,V,15,V,20,V,19,V,20,V,20,V,20,V,19,V,23,V,21,V,25,V,25,V,21,V,14,V
08,Barcelona,019,Barcelona,043,8,2025,12,26,13,V,9,V,6,V,4,V,6,V,5,V,8,V,5,V,6,V,8,V,8,V,13,V,14,V,17,V,16,V,11,V,11,V,15,V,18,V,20,V,14,V,12,V,11,V,11,V
08,Barcelona,019,Barcelona,043,8,2025,12,27,16,V,11,V,8,V,9,V,8,V,13,V,11,V,11,V,10,V,11,V,13,V,22,V,17,V,,N,,N,,N,,N,,N,,N,,N,,N,,N,,N,,N
08,Barcelona,019,Barcelona,044,8,2025,12,24,9,V,11,V,6,V,7,V,8,V,17,V,34,V,47,V,55,V,44,V,23,V,19,V,15,V,15,V,18,V,19,V,21,V,19,V,30,V,22,V,29,V,31,V,27,V,17,V
08,Barcelona,019,Barcelona,044,8,2025,12,25,21,V,25,V,18,V,13,V,9,V,9,V,9,V,8,V,9,V,12,V,9,V,11,V,12,V,14,V,14,V,16,V,13,V,17,V,19,V,16,V,18,V,17,V,12,V,12,V
08,Barcelona,019,Barcelona,044,8,2025,12,26,7,V,5,V,4,V,4,V,5,V,3,V,6,V,6,V,9,V,6,V,10,V,10,V,11,V,13,V,11,V,10,V,8,V,10,V,12,V,14,V,9,V,9,V,7,V,7,V
08,Barcelona,019,Barcelona,044,8,2025,12,27,8,V,5,V,8,V,8,V,5,V,10,V,7,V,8,V,9,V,10,V,13,V,16,V,12,V,,N,,N,,N,,N,,N,,N,,N,,N,,N,,N,,N
08,Barcelona,019,Barcelona,058,8,2025,12,24,2,V,2,V,2,V,1,V,2,V,1,V,2,V,2,V,2,V,2,V,2,V,3,V,4,V,5,V,6,V,6,V,4,V,3,V,3,V,3,V,3,V,2,V,7,V,11,V
08,Barcelona,019,Barcelona,058,8,2025,12,25,13,V,13,V,9,V,6,V,5,V,3,V,3,V,3,V,4,V,3,V,2,V,2,V,2,V,2,V,3,V,5,V,3,V,3,V,3,V,3,V,3,V,3,V,3,V,2,V
08,Barcelona,019,Barcelona,058,8,2025,12,26,2,V,1,V,2,V,2,V,1,V,1,V,2,V,2,V,3,V,3,V,4,V,4,V,4,V,5,V,6,V,3,V,5,V,5,V,6,V,6,V,4,V,5,V,4,V,3,V
08,Barcelona,019,Barcelona,058,8,2025,12,27,2,V,3,V,2,V,2,V,1,V,1,V,3,V,3,V,3,V,4,V,4,V,4,V,5,V,,N,,N,,N,,N,,N,,N,,N,,N,,N,,N,,N
08,Barcelona,019,Barcelona,057,8,2025,12,24,5,V,7,V,6,V,7,V,6,V,4,V,9,V,24,V,37,V,17,V,5,V,5,V,5,V,6,V,8,V,7,V,6,V,5,V,11,V,8,V,11,V,11,V,20,V,20,V
08,Barcelona,019,Barcelona,057,8,2025,12,25,8,V,18,V,22,V,17,V,12,V,8,V,8,V,8,V,7,V,8,V,5,V,7,V,7,V,8,V,6,V,7,V,7,V,8,V,10,V,9,V,8,V,7,V,6,V,8,V
08,Barcelona,019,Barcelona,057,8,2025,12,26,4,V,4,V,4,V,3,V,3,V,4,V,5,V,4,V,5,V,5,V,7,V,6,V,8,V,10,V,8,V,5,V,5,V,7,V,9,V,10,V,6,V,7,V,6,V,5,V
08,Barcelona,019,Barcelona,057,8,2025,12,27,5,V,4,V,4,V,4,V,5,V,4,V,5,V,5,V,7,V,8,V,7,V,9,V,7,V,,N,,N,,N,,N,,N,,N,,N,,N,,N,,N,,N
08,Barcelona,019,Barcelona,057,108,2025,12,24,5.32,V,7.42,V,6.2,V,6.57,V,5.74,V,4.3,V,8.89,V,24.06,V,37.08,V,17.34,V,5.32,V,5.27,V,5.31,V,6.1,V,7.87,V,6.57,V,5.71,V,4.83,V,10.47,V,7.93,V,11.02,V,11.25,V,20.3,V,19.95,V
08,Barcelona,019,Barcelona,057,108,2025,12,25,8.38,V,17.82,V,21.54,V,16.85,V,12.32,V,7.48,V,8.22,V,8.23,V,6.62,V,8.02,V,5.36,V,6.71,V,6.86,V,7.39,V,5.49,V,7.21,V,6.89,V,7.97,V,9.98,V,9.03,V,7.84,V,7.04,V,6.23,V,7.96,V
08,Barcelona,019,Barcelona,057,108,2025,12,26,4.12,V,4.11,V,3.41,V,3.46,V,3.17,V,3.77,V,5.3,V,3.67,V,5.38,V,4.53,V,6.58,V,6.26,V,8.3,V,9.64,V,8,V,4.85,V,4.62,V,7.11,V,9.26,V,10.37,V,6.23,V,7.21,V,5.67,V,4.79,V
08,Barcelona,019,Barcelona,057,108,2025,12,27,4.79,V,3.72,V,3.81,V,3.95,V,4.9,V,3.96,V,5.04,V,4.84,V,7.24,V,8.06,V,7.34,V,8.6,V,6.98,V,,N,,N,,N,,N,,N,,N,,N,,N,,N,,N,,N
08,Barcelona,019,Barcelona,004,8,2025,12,24,8,V,6,V,13,V,13,V,15,V,16,V,20,V,39,V,48,V,51,V,19,V,16,V,19,V,21,V,16,V,12,V,14,V,19,V,21,V,20,V,32,V,43,V,48,V,20,V
08,Barcelona,019,Barcelona,004,8,2025,12,25,22,V,27,V,21,V,17,V,10,V,9,V,8,V,9,V,9,V,10,V,9,V,12,V,15,V,16,V,19,V,17,V,13,V,11,V,12,V,10,V,10,V,10,V,9,V,9,V
08,Barcelona,019,Barcelona,004,8,2025,12,26,7,V,4,V,3,V,10,V,4,V,5,V,7,V,2,V,1,V,5,V,2,V,8,V,3,V,6,V,5,V,4,V,3,V,6,V,5,V,5,V,3,V,3,V,3,V,3,V
08,Barcelona,019,Barcelona,004,8,2025,12,27,10,V,9,V,10,V,9,V,8,V,6,V,12,V,7,V,3,V,3,V,6,V,13,V,13,V,,N,,N,,N,,N,,N,,N,,N,,N,,N,,N,,N
08,Barcelona,019,Barcelona,042,8,2025,12,24,7,V,9,V,7,V,7,V,8,V,6,V,8,V,19,V,27,V,17,V,14,V,11,V,9,V,8,V,9,V,10,V,10,V,11,V,13,V,16,V,19,V,29,V,45,V,30,V
08,Barcelona,019,Barcelona,042,8,2025,12,25,9,V,17,V,19,V,15,V,11,V,8,V,9,V,8,V,9,V,10,V,12,V,13,V,12,V,14,V,11,V,14,V,11,V,16,V,19,V,17,V,19,V,15,V,14,V,10,V
08,Barcelona,019,Barcelona,042,8,2025,12,26,7,V,6,V,4,V,3,V,4,V,3,V,5,V,3,V,4,V,6,V,7,V,9,V,9,V,10,V,11,V,7,V,7,V,9,V,12,V,14,V,8,V,8,V,7,V,7,V
08,Barcelona,019,Barcelona,042,8,2025,12,27,8,V,6,V,6,V,5,V,4,V,7,V,7,V,8,V,7,V,7,V,8,V,14,V,12,V,,N,,N,,N,,N,,N,,N,,N,,N,,N,,N,,N
08,Barcelona,019,Barcelona,054,8,2025,12,24,7,V,6,V,14,V,6,V,5,V,11,V,14,V,20,V,20,V,14,V,9,V,9,V,9,V,9,V,10,V,9,V,9,V,11,V,12,V,14,V,25,V,33,V,34,V,30,V
08,Barcelona,019,Barcelona,054,8,2025,12,25,30,V,20,V,15,V,9,V,8,V,6,V,6,V,6,V,8,V,7,V,6,V,7,V,11,V,9,V,9,V,11,V,9,V,10,V,12,V,12,V,10,V,11,V,9,V,11,V
08,Barcelona,019,Barcelona,054,8,2025,12,26,6,V,6,V,4,V,4,V,3,V,6,V,8,V,4,V,4,V,5,V,6,V,7,V,8,V,11,V,11,V,7,V,8,V,11,V,11,V,12,V,8,V,10,V,6,V,7,V
08,Barcelona,019,Barcelona,054,8,2025,12,27,10,V,5,V,6,V,5,V,6,V,7,V,9,V,6,V,7,V,7,V,9,V,11,V,11,V,,N,,N,,N,,N,,N,,N,,N,,N,,N,,N,,N
08,Barcelona,019,Barcelona,050,12,2025,12,24,8,V,7,V,9,V,9,V,10,V,14,V,26,V,47,V,69,V,58,V,45,V,22,V,18,V,15,V,19,V,14,V,12,V,12,V,16,V,18,V,24,V,26,V,34,V,15,V
08,Barcelona,019,Barcelona,050,12,2025,12,25,6,V,11,V,20,V,17,V,11,V,9,V,8,V,10,V,10,V,13,V,11,V,13,V,15,V,15,V,20,V,19,V,12,V,11,V,12,V,11,V,9,V,9,V,8,V,8,V
08,Barcelona,019,Barcelona,050,12,2025,12,26,6,V,6,V,7,V,18,V,7,V,8,V,6,V,3,V,8,V,5,V,8,V,4,V,4,V,4,V,5,V,4,V,3,V,4,V,5,V,4,V,3,V,3,V,3,V,3,V
08,Barcelona,019,Barcelona,050,12,2025,12,27,7,V,3,V,4,V,3,V,7,V,4,V,4,V,4,V,5,V,6,V,4,V,12,V,4,V,,N,,N,,N,,N,,N,,N,,N,,N,,N,,N,,N
08,Barcelona,019,Barcelona,044,12,2025,12,24,18,V,14,V,9,V,10,V,10,V,21,V,39,V,57,V,84,V,66,V,36,V,32,V,26,V,23,V,28,V,28,V,32,V,29,V,44,V,29,V,41,V,41,V,34,V,22,V
08,Barcelona,019,Barcelona,044,12,2025,12,25,27,V,34,V,27,V,18,V,13,V,16,V,15,V,12,V,15,V,21,V,15,V,20,V,22,V,26,V,27,V,25,V,20,V,24,V,28,V,25,V,27,V,24,V,17,V,18,V
08,Barcelona,019,Barcelona,044,12,2025,12,26,10,V,9,V,7,V,6,V,9,V,5,V,10,V,8,V,11,V,9,V,13,V,14,V,13,V,17,V,14,V,13,V,10,V,12,V,15,V,17,V,12,V,12,V,9,V,11,V
08,Barcelona,019,Barcelona,044,12,2025,12,27,10,V,7,V,11,V,11,V,7,V,16,V,10,V,11,V,12,V,13,V,20,V,26,V,16,V,,N,,N,,N,,N,,N,,N,,N,,N,,N,,N,,N
08,Barcelona,019,Barcelona,058,12,2025,12,24,5,V,4,V,4,V,4,V,4,V,4,V,4,V,4,V,4,V,4,V,5,V,6,V,7,V,9,V,10,V,9,V,8,V,6,V,6,V,5,V,5,V,5,V,10,V,14,V
08,Barcelona,019,Barcelona,058,12,2025,12,25,16,V,17,V,13,V,9,V,8,V,6,V,5,V,5,V,6,V,5,V,5,V,5,V,4,V,5,V,6,V,7,V,6,V,5,V,6,V,5,V,5,V,5,V,5,V,4,V
08,Barcelona,019,Barcelona,058,12,2025,12,26,4,V,3,V,3,V,4,V,3,V,4,V,4,V,5,V,5,V,5,V,6,V,6,V,6,V,7,V,8,V,5,V,8,V,8,V,8,V,8,V,6,V,7,V,6,V,5,V
08,Barcelona,019,Barcelona,058,12,2025,12,27,5,V,5,V,4,V,5,V,4,V,4,V,6,V,6,V,6,V,7,V,7,V,6,V,8,V,,N,,N,,N,,N,,N,,N,,N,,N,,N,,N,,N
08,Barcelona,019,Barcelona,057,12,2025,12,24,5,V,8,V,6,V,7,V,6,V,5,V,9,V,25,V,41,V,20,V,7,V,7,V,7,V,8,V,10,V,8,V,7,V,5,V,10,V,9,V,12,V,12,V,22,V,20,V
08,Barcelona,019,Barcelona,057,12,2025,12,25,8,V,18,V,22,V,17,V,14,V,9,V,10,V,9,V,8,V,10,V,6,V,8,V,9,V,9,V,7,V,8,V,7,V,8,V,11,V,9,V,8,V,7,V,6,V,8,V
08,Barcelona,019,Barcelona,057,12,2025,12,26,4,V,4,V,3,V,4,V,3,V,4,V,5,V,4,V,5,V,5,V,7,V,7,V,8,V,8,V,8,V,5,V,5,V,7,V,9,V,10,V,6,V,7,V,5,V,5,V
08,Barcelona,019,Barcelona,057,12,2025,12,27,4,V,4,V,4,V,4,V,5,V,4,V,5,V,5,V,7,V,8,V,7,V,8,V,7,V,,N,,N,,N,,N,,N,,N,,N,,N,,N,,N,,N
08,Barcelona,019,Barcelona,057,112,2025,12,24,5.53,V,7.81,V,6.39,V,6.76,V,5.93,V,4.69,V,9.48,V,24.92,V,41.07,V,20.19,V,6.94,V,6.83,V,7.11,V,8.07,V,9.74,V,8.05,V,6.33,V,5.35,V,11.1,V,8.74,V,12.72,V,11.93,V,21.84,V,20.85,V
08,Barcelona,019,Barcelona,057,112,2025,12,25,8.42,V,18.1,V,22.47,V,18.81,V,14.25,V,8.32,V,10.03,V,9.18,V,7.46,V,9.79,V,6.74,V,8.48,V,8.2,V,8.66,V,6.74,V,8.18,V,7.59,V,8.27,V,10.54,V,9.38,V,8.29,V,7.56,V,6.4,V,8.09,V
08,Barcelona,019,Barcelona,057,112,2025,12,26,4.08,V,4.22,V,3.38,V,3.56,V,3.11,V,3.88,V,5.52,V,3.48,V,5.26,V,4.41,V,6.58,V,6.41,V,8.55,V,9.7,V,8.61,V,4.85,V,4.54,V,6.89,V,9.14,V,10.37,V,6.14,V,7.07,V,5.53,V,4.63,V
08,Barcelona,019,Barcelona,057,112,2025,12,27,4.58,V,3.51,V,3.92,V,3.87,V,5,V,3.89,V,5.09,V,4.73,V,7.16,V,7.93,V,7.35,V,8.56,V,7.15,V,,N,,N,,N,,N,,N,,N,,N,,N,,N,,N,,N
08,Barcelona,019,Barcelona,004,12,2025,12,24,8,V,5,V,12,V,12,V,15,V,16,V,21,V,45,V,71,V,85,V,25,V,19,V,27,V,30,V,20,V,13,V,15,V,24,V,22,V,22,V,35,V,48,V,64,V,25,V
08,Barcelona,019,Barcelona,004,12,2025,12,25,25,V,28,V,21,V,17,V,10,V,9,V,8,V,9,V,9,V,11,V,13,V,16,V,22,V,25,V,30,V,20,V,14,V,12,V,13,V,11,V,10,V,10,V,9,V,8,V
08,Barcelona,019,Barcelona,004,12,2025,12,26,8,V,4,V,2,V,10,V,2,V,4,V,6,V,2,V,1,V,5,V,2,V,8,V,3,V,7,V,6,V,5,V,3,V,6,V,5,V,6,V,3,V,3,V,3,V,2,V
08,Barcelona,019,Barcelona,004,12,2025,12,27,9,V,8,V,10,V,9,V,7,V,5,V,12,V,7,V,2,V,3,V,6,V,13,V,14,V,,N,,N,,N,,N,,N,,N,,N,,N,,N,,N,,N
08,Barcelona,019,Barcelona,042,12,2025,12,24,5,V,6,V,5,V,4,V,6,V,4,V,7,V,18,V,27,V,19,V,16,V,12,V,10,V,10,V,10,V,10,V,9,V,11,V,13,V,15,V,18,V,28,V,47,V,32,V
08,Barcelona,019,Barcelona,042,12,2025,12,25,7,V,16,V,18,V,14,V,9,V,6,V,7,V,7,V,7,V,10,V,13,V,15,V,15,V,17,V,12,V,14,V,9,V,14,V,19,V,17,V,18,V,14,V,13,V,8,V
08,Barcelona,019,Barcelona,042,12,2025,12,26,6,V,3,V,2,V,1,V,2,V,1,V,3,V,2,V,1,V,4,V,5,V,7,V,7,V,8,V,10,V,5,V,4,V,6,V,10,V,12,V,7,V,5,V,5,V,5,V
08,Barcelona,019,Barcelona,042,12,2025,12,27,6,V,5,V,4,V,3,V,2,V,4,V,5,V,6,V,4,V,5,V,7,V,13,V,11,V,,N,,N,,N,,N,,N,,N,,N,,N,,N,,N,,N
08,Barcelona,019,Barcelona,054,12,2025,12,24,6,V,5,V,12,V,4,V,3,V,10,V,15,V,20,V,23,V,16,V,11,V,11,V,11,V,12,V,12,V,11,V,10,V,11,V,12,V,16,V,29,V,36,V,40,V,31,V
08,Barcelona,019,Barcelona,054,12,2025,12,25,34,V,21,V,16,V,9,V,6,V,5,V,5,V,5,V,8,V,8,V,8,V,10,V,17,V,15,V,14,V,13,V,9,V,12,V,14,V,14,V,11,V,11,V,9,V,10,V
08,Barcelona,019,Barcelona,054,12,2025,12,26,5,V,5,V,2,V,3,V,2,V,5,V,7,V,3,V,3,V,4,V,5,V,6,V,8,V,11,V,11,V,6,V,7,V,11,V,11,V,12,V,7,V,9,V,4,V,6,V
08,Barcelona,019,Barcelona,054,12,2025,12,27,9,V,3,V,4,V,4,V,4,V,6,V,9,V,5,V,6,V,7,V,9,V,12,V,11,V,,N,,N,,N,,N,,N,,N,,N,,N,,N,,N,,N
08,Barcelona,019,Barcelona,057,995,2025,12,24,15,V,19,V,25,V,24,V,36,V,47,V,38,V,49,V,56,V,39,V,33,V,46,V,58,V,93,V,103,V,96,V,80,V,94,V,138,V,174,V,153,V,193,V,221,V,166,V
08,Barcelona,019,Barcelona,057,995,2025,12,25,94,V,197,V,243,V,196,V,113,V,85,V,69,V,59,V,77,V,81,V,84,V,87,V,71,V,49,V,59,V,78,V,47,V,40,V,39,V,31,V,27,V,29,V,32,V,31,V
08,Barcelona,019,Barcelona,057,995,2025,12,26,16,V,10,V,8,V,14,V,13,V,9,V,11,V,24,V,30,V,21,V,24,V,23,V,25,V,32,V,30,V,29,V,25,V,27,V,30,V,36,V,30,V,34,V,29,V,20,V
08,Barcelona,019,Barcelona,057,995,2025,12,27,27,V,38,V,22,V,20,V,21,V,19,V,19,V,26,V,33,V,32,V,41,V,41,V,31,V,,N,,N,,N,,N,,N,,N,,N,,N,,N,,N,,N
08,Barcelona,019,Barcelona,054,995,2025,12,24,20,V,31,V,40,V,39,V,34,V,63,V,47,V,57,V,58,V,43,V,47,V,56,V,79,V,118,V,151,V,161,V,171,V,145,V,161,V,210,V,206,V,284,V,218,V,290,V
08,Barcelona,019,Barcelona,054,995,2025,12,25,388,V,267,V,186,V,86,V,72,V,69,V,67,V,62,V,71,V,86,V,99,V,137,V,154,V,133,V,138,V,152,V,73,V,50,V,42,V,31,V,36,V,47,V,49,V,29,V
08,Barcelona,019,Barcelona,054,995,2025,12,26,17,V,9,V,8,V,13,V,17,V,9,V,11,V,32,V,42,V,27,V,25,V,27,V,31,V,44,V,40,V,52,V,38,V,44,V,42,V,45,V,38,V,53,V,31,V,26,V
08,Barcelona,019,Barcelona,054,995,2025,12,27,26,V,37,V,22,V,22,V,40,V,23,V,22,V,30,V,39,V,44,V,47,V,46,V,46,V,,N,,N,,N,,N,,N,,N,,N,,N,,N,,N,,N
08,Barcelona,019,Barcelona,050,14,2025,12,24,62,V,61,V,53,V,53,V,44,V,26,V,12,V,8,V,3,V,16,V,21,V,46,V,51,V,54,V,48,V,50,V,46,V,46,V,44,V,39,V,27,V,18,V,7,V,31,V
08,Barcelona,019,Barcelona,050,14,2025,12,25,38,V,31,V,18,V,14,V,17,V,19,V,21,V,18,V,19,V,18,V,21,V,21,V,25,V,28,V,24,V,26,V,32,V,39,V,40,V,40,V,44,V,44,V,45,V,46,V
08,Barcelona,019,Barcelona,050,14,2025,12,26,48,V,52,V,56,V,52,V,59,V,63,V,62,V,68,V,65,V,69,V,72,V,75,V,75,V,74,V,69,V,68,V,71,V,75,V,75,V,74,V,78,V,77,V,79,V,80,V
08,Barcelona,019,Barcelona,050,14,2025,12,27,68,V,68,V,72,V,72,V,71,V,70,V,77,V,76,V,76,V,78,V,73,V,63,V,76,V,,N,,N,,N,,N,,N,,N,,N,,N,,N,,N,,N
08,Barcelona,019,Barcelona,043,14,2025,12,24,62,V,56,V,59,V,61,V,46,V,40,V,13,V,24,V,26,V,40,V,37,V,47,V,48,V,49,V,46,V,47,V,44,V,46,V,40,V,37,V,29,V,15,V,21,V,40,V
08,Barcelona,019,Barcelona,043,14,2025,12,25,39,V,25,V,17,V,18,V,21,V,21,V,22,V,22,V,20,V,18,V,21,V,19,V,20,V,25,V,28,V,28,V,31,V,36,V,35,V,37,V,36,V,33,V,37,V,45,V
08,Barcelona,019,Barcelona,043,14,2025,12,26,47,V,56,V,59,V,68,V,69,V,70,V,68,V,73,V,70,V,72,V,75,V,76,V,75,V,72,V,74,V,78,V,79,V,74,V,73,V,73,V,79,V,78,V,82,V,82,V
08,Barcelona,019,Barcelona,043,14,2025,12,27,67,V,67,V,74,V,75,V,74,V,63,V,73,V,76,V,77,V,80,V,72,V,58,V,73,V,,N,,N,,N,,N,,N,,N,,N,,N,,N,,N,,N
08,Barcelona,019,Barcelona,044,14,2025,12,24,65,V,61,V,65,V,65,V,61,V,46,V,22,V,12,V,11,V,22,V,43,V,50,V,52,V,51,V,46,V,42,V,38,V,41,V,32,V,39,V,31,V,28,V,28,V,37,V
08,Barcelona,019,Barcelona,044,14,2025,12,25,30,V,18,V,17,V,20,V,22,V,22,V,23,V,24,V,20,V,19,V,23,V,21,V,22,V,27,V,30,V,29,V,35,V,35,V,35,V,39,V,37,V,39,V,44,V,46,V
08,Barcelona,019,Barcelona,044,14,2025,12,26,53,V,60,V,59,V,68,V,65,V,70,V,68,V,69,V,63,V,71,V,67,V,74,V,75,V,72,V,71,V,74,V,76,V,74,V,73,V,71,V,77,V,75,V,82,V,80,V
08,Barcelona,019,Barcelona,044,14,2025,12,27,72,V,69,V,73,V,71,V,72,V,61,V,72,V,73,V,72,V,74,V,68,V,61,V,73,V,,N,,N,,N,,N,,N,,N,,N,,N,,N,,N,,N
08,Barcelona,019,Barcelona,058,14,2025,12,24,71,V,71,V,73,V,74,V,71,V,72,V,70,V,66,V,67,V,67,V,62,V,61,V,59,V,55,V,54,V,54,V,54,V,57,V,58,V,55,V,57,V,58,V,43,V,31,V
08,Barcelona,019,Barcelona,058,14,2025,12,25,28,V,19,V,21,V,25,V,28,V,31,V,32,V,31,V,24,V,25,V,31,V,33,V,39,V,44,V,40,V,40,V,42,V,45,V,46,V,46,V,50,V,51,V,53,V,54,V
08,Barcelona,019,Barcelona,058,14,2025,12,26,58,V,61,V,60,V,63,V,65,V,69,V,70,V,69,V,69,V,72,V,70,V,77,V,79,V,76,V,73,V,74,V,74,V,75,V,77,V,77,V,80,V,76,V,83,V,82,V
08,Barcelona,019,Barcelona,058,14,2025,12,27,76,V,73,V,78,V,75,V,75,V,76,V,73,V,74,V,74,V,74,V,70,V,70,V,74,V,,N,,N,,N,,N,,N,,N,,N,,N,,N,,N,,N
08,Barcelona,019,Barcelona,057,14,2025,12,24,68,V,63,V,64,V,64,V,59,V,55,V,50,V,29,V,17,V,41,V,57,V,57,V,58,V,55,V,54,V,54,V,55,V,53,V,40,V,47,V,45,V,40,V,24,V,27,V
08,Barcelona,019,Barcelona,057,14,2025,12,25,41,V,25,V,15,V,14,V,15,V,23,V,21,V,22,V,22,V,19,V,26,V,27,V,38,V,45,V,43,V,39,V,39,V,39,V,40,V,40,V,43,V,46,V,46,V,44,V
08,Barcelona,019,Barcelona,057,14,2025,12,26,51,V,56,V,55,V,58,V,60,V,62,V,64,V,68,V,65,V,69,V,67,V,74,V,73,V,72,V,70,V,74,V,76,V,72,V,71,V,70,V,77,V,74,V,79,V,79,V
08,Barcelona,019,Barcelona,057,14,2025,12,27,71,V,69,V,71,V,72,V,70,V,66,V,71,V,74,V,71,V,74,V,69,V,66,V,74,V,,N,,N,,N,,N,,N,,N,,N,,N,,N,,N,,N
08,Barcelona,019,Barcelona,057,114,2025,12,24,67.5,V,62.7,V,63.8,V,64.3,V,59.1,V,55.3,V,49.8,V,29.2,V,17.3,V,41.1,V,56.9,V,56.9,V,57.6,V,55.2,V,53.8,V,53.6,V,54.6,V,53.3,V,40,V,46.5,V,45.4,V,39.6,V,23.7,V,27.5,V
08,Barcelona,019,Barcelona,057,114,2025,12,25,40.5,V,24.6,V,15.2,V,13.4,V,15,V,22.6,V,20.8,V,22,V,21.5,V,18.6,V,25.5,V,26.7,V,37.7,V,45.3,V,42.7,V,39.1,V,38.6,V,39,V,39.5,V,40.3,V,43.4,V,45.8,V,46.2,V,43.7,V
08,Barcelona,019,Barcelona,057,114,2025,12,26,51.3,V,55.8,V,54.4,V,57.7,V,60.3,V,62.3,V,63.6,V,68.2,V,65.2,V,69.4,V,67.2,V,74.1,V,73,V,72.5,V,70.3,V,73.6,V,76,V,72.1,V,71.3,V,70.3,V,77.3,V,73.9,V,78.6,V,79,V
08,Barcelona,019,Barcelona,057,114,2025,12,27,70.8,V,68.5,V,71.4,V,71.9,V,69.3,V,65.7,V,70.6,V,74.1,V,71.1,V,73.5,V,68.7,V,65.7,V,74.3,V,,N,,N,,N,,N,,N,,N,,N,,N,,N,,N,,N
08,Barcelona,019,Barcelona,054,14,2025,12,24,71,V,68,V,61,V,69,V,66,V,53,V,53,V,44,V,45,V,56,V,58,V,58,V,58,V,57,V,55,V,54,V,52,V,50,V,50,V,46,V,36,V,28,V,24,V,25,V
08,Barcelona,019,Barcelona,054,14,2025,12,25,19,V,24,V,20,V,24,V,25,V,27,V,29,V,29,V,24,V,25,V,28,V,27,V,25,V,33,V,37,V,37,V,41,V,42,V,43,V,43,V,44,V,46,V,48,V,49,V
08,Barcelona,019,Barcelona,054,14,2025,12,26,57,V,61,V,60,V,59,V,63,V,69,V,65,V,72,V,71,V,75,V,74,V,80,V,80,V,77,V,76,V,81,V,80,V,76,V,78,V,77,V,82,V,78,V,87,V,85,V
08,Barcelona,019,Barcelona,054,14,2025,12,27,73,V,76,V,77,V,77,V,72,V,65,V,72,V,80,V,78,V,78,V,74,V,70,V,76,V,,N,,N,,N,,N,,N,,N,,N,,N,,N,,N,,N
08,Barcelona,019,Barcelona,057,11,2025,12,24,1,V,1,V,1,V,1,V,1,V,2,V,1,V,2,V,2,V,1,V,1,V,1,V,2,V,3,V,3,V,3,V,3,V,3,V,4,V,5,V,5,V,6,V,7,V,5,V
08,Barcelona,019,Barcelona,057,11,2025,12,25,3,V,6,V,8,V,6,V,3,V,3,V,2,V,2,V,2,V,3,V,3,V,3,V,2,V,1,V,2,V,3,V,2,V,1,V,2,V,1,V,1,V,1,V,1,V,1,V
08,Barcelona,019,Barcelona,057,11,2025,12,26,1,V,1,V,1,V,1,V,1,V,1,V,1,V,3,V,4,V,2,V,2,V,2,V,2,V,3,V,2,V,1,V,1,V,2,V,2,V,3,V,2,V,3,V,2,V,1,V
08,Barcelona,019,Barcelona,057,11,2025,12,27,1,V,2,V,1,V,1,V,1,V,1,V,1,V,3,V,3,V,3,V,4,V,3,V,2,V,,N,,N,,N,,N,,N,,N,,N,,N,,N,,N,,N
08,Barcelona,019,Barcelona,057,111,2025,12,24,0.71,V,0.78,V,0.94,V,0.92,V,1.21,V,1.5,V,1.21,V,1.56,V,1.81,V,1.28,V,1.03,V,1.42,V,1.82,V,2.9,V,3.14,V,2.97,V,2.48,V,2.92,V,4.3,V,5.3,V,4.52,V,5.82,V,6.74,V,5.05,V
08,Barcelona,019,Barcelona,057,111,2025,12,25,2.86,V,6.07,V,7.52,V,5.96,V,3.42,V,2.66,V,2.16,V,1.9,V,2.43,V,2.56,V,2.62,V,2.7,V,2.17,V,1.46,V,1.73,V,2.35,V,1.46,V,1.36,V,1.5,V,1.16,V,1.01,V,1.21,V,1.3,V,1.23,V
08,Barcelona,019,Barcelona,057,111,2025,12,26,0.69,V,0.54,V,0.62,V,1.24,V,1.17,V,0.74,V,0.84,V,2.55,V,3.43,V,2.2,V,2.22,V,2.09,V,2.23,V,2.46,V,1.76,V,1.43,V,1.32,V,1.63,V,2.07,V,2.47,V,2.45,V,2.58,V,2.25,V,1.29,V
08,Barcelona,019,Barcelona,057,111,2025,12,27,1.41,V,1.97,V,1.29,V,1.27,V,1.28,V,1.03,V,1.33,V,2.51,V,3.08,V,3.16,V,3.62,V,3.03,V,2.3,V,,N,,N,,N,,N,,N,,N,,N,,N,,N,,N,,N
08,Barcelona,019,Barcelona,054,11,2025,12,24,1,V,1,V,1,V,1,V,1,V,2,V,1,V,2,V,2,V,1,V,1,V,2,V,2,V,3,V,4,V,5,V,5,V,4,V,4,V,6,V,5,V,8,V,6,V,8,V
08,Barcelona,019,Barcelona,054,11,2025,12,25,11,V,7,V,5,V,2,V,2,V,2,V,2,V,2,V,2,V,3,V,3,V,4,V,5,V,4,V,4,V,4,V,2,V,2,V,1,V,1,V,1,V,2,V,2,V,1,V
08,Barcelona,019,Barcelona,054,11,2025,12,26,1,V,1,V,1,V,1,V,2,V,1,V,1,V,4,V,5,V,3,V,2,V,2,V,3,V,3,V,3,V,2,V,2,V,2,V,3,V,3,V,3,V,4,V,3,V,1,V
08,Barcelona,019,Barcelona,054,11,2025,12,27,1,V,2,V,1,V,1,V,2,V,1,V,1,V,3,V,4,V,4,V,4,V,3,V,3,V,,N,,N,,N,,N,,N,,N,,N,,N,,N,,N,,N
08,Barcelona,019,Barcelona,043,10,2025,12,24,8,V,8,V,8,V,8,V,9,V,7,V,10,V,11,V,13,V,10,V,13,V,11,V,12,V,13,V,15,V,12,V,10,V,10,V,11,V,13,V,14,V,20,V,20,V,14,V
08,Barcelona,019,Barcelona,043,10,2025,12,25,10,V,13,V,12,V,10,V,8,V,7,V,7,V,7,V,7,V,8,V,8,V,9,V,10,V,10,V,11,V,11,V,9,V,9,V,11,V,8,V,8,V,10,V,9,V,6,V
08,Barcelona,019,Barcelona,043,10,2025,12,26,6,V,6,V,9,V,16,V,13,V,7,V,12,V,20,V,24,V,20,V,20,V,19,V,19,V,24,V,20,V,23,V,18,V,20,V,17,V,16,V,23,V,23,V,22,V,19,V
08,Barcelona,019,Barcelona,043,10,2025,12,27,14,V,20,V,16,V,15,V,12,V,9,V,13,V,20,V,22,V,22,V,22,V,19,V,19,V,,N,,N,,N,,N,,N,,N,,N,,N,,N,,N,,N
08,Barcelona,019,Barcelona,044,10,2025,12,24,,N,,N,,N,,N,,N,,N,,N,,N,,N,,N,,N,,N,,N,,N,,N,,N,,N,,N,,N,,N,,N,,N,,N,,N
08,Barcelona,019,Barcelona,044,10,2025,12,25,,N,,N,,N,,N,,N,,N,,N,,N,,N,,N,,N,,N,,N,,N,,N,,N,,N,,N,,N,,N,,N,,N,,N,,N
08,Barcelona,019,Barcelona,044,10,2025,12,26,,N,,N,,N,,N,,N,,N,,N,,N,,N,,N,,N,,N,,N,,N,,N,,N,,N,,N,,N,,N,,N,,N,,N,,N
08,Barcelona,019,Barcelona,044,10,2025,12,27,,N,,N,,N,,N,,N,,N,,N,,N,,N,,N,,N,,N,,N,,N,,N,,N,,N,,N,,N,,N,,N,,N,,N,,N
08,Barcelona,019,Barcelona,058,10,2025,12,24,7,V,8,V,8,V,9,V,8,V,5,V,5,V,7,V,6,V,6,V,7,V,5,V,13,V,10,V,11,V,11,V,10,V,11,V,10,V,11,V,8,V,10,V,11,V,17,V
08,Barcelona,019,Barcelona,058,10,2025,12,25,15,V,18,V,13,V,10,V,11,V,7,V,7,V,7,V,6,V,7,V,6,V,7,V,7,V,5,V,7,V,8,V,6,V,7,V,8,V,7,V,6,V,7,V,6,V,6,V
08,Barcelona,019,Barcelona,058,10,2025,12,26,4,V,5,V,6,V,9,V,9,V,7,V,8,V,7,V,6,V,5,V,6,V,5,V,5,V,6,V,9,V,10,V,6,V,9,V,6,V,5,V,9,V,10,V,8,V,9,V
08,Barcelona,019,Barcelona,058,10,2025,12,27,6,V,8,V,9,V,10,V,9,V,8,V,11,V,12,V,13,V,16,V,16,V,11,V,9,V,,N,,N,,N,,N,,N,,N,,N,,N,,N,,N,,N
08,Barcelona,019,Barcelona,057,10,2025,12,24,2,V,2,V,3,V,2,V,2,V,2,V,2,V,4,V,5,V,3,V,2,V,3,V,3,V,4,V,5,V,4,V,4,V,4,V,6,V,6,V,5,V,7,V,9,V,7,V
08,Barcelona,019,Barcelona,057,10,2025,12,25,5,V,7,V,9,V,7,V,5,V,4,V,3,V,3,V,3,V,3,V,3,V,3,V,3,V,2,V,2,V,3,V,2,V,3,V,3,V,2,V,2,V,3,V,2,V,2,V
08,Barcelona,019,Barcelona,057,10,2025,12,26,1,V,1,V,2,V,4,V,4,V,2,V,3,V,9,V,11,V,9,V,9,V,8,V,9,V,11,V,7,V,7,V,7,V,8,V,9,V,10,V,11,V,10,V,11,V,7,V
08,Barcelona,019,Barcelona,057,10,2025,12,27,4,V,7,V,5,V,6,V,5,V,4,V,5,V,11,V,11,V,12,V,12,V,9,V,9,V,,N,,N,,N,,N,,N,,N,,N,,N,,N,,N,,N
08,Barcelona,019,Barcelona,057,110,2025,12,24,1.87,V,2.35,V,2.64,V,2.32,V,2.33,V,2.15,V,2.09,V,3.38,V,5.02,V,3.36,V,2.05,V,3.35,V,3.49,V,4.41,V,4.55,V,4.17,V,3.54,V,3.82,V,,N,6.17,V,5.48,V,6.63,V,8.72,V,6.91,V
08,Barcelona,019,Barcelona,057,110,2025,12,25,5.1,V,7.53,V,8.55,V,7.23,V,4.45,V,3.56,V,3.25,V,2.63,V,3.05,V,3.2,V,3.06,V,3.41,V,2.77,V,2.13,V,2.2,V,3.07,V,2.05,V,2.45,V,2.88,V,2.41,V,1.91,V,2.64,V,2.43,V,2.01,V
08,Barcelona,019,Barcelona,057,110,2025,12,26,1.28,V,1.3,V,2.22,V,3.8,V,3.64,V,2.1,V,3.22,V,8.88,V,10.9,V,9.21,V,8.77,V,8.22,V,8.51,V,,N,6.83,V,6.96,V,6.69,V,7.45,V,8.75,V,9.98,V,11.25,V,10.01,V,11.46,V,6.69,V
08,Barcelona,019,Barcelona,057,110,2025,12,27,3.45,V,6.33,V,4.87,V,5.84,V,5.37,V,3.42,V,5.38,V,10.47,V,10.85,V,11.35,V,12.28,V,,N,8.37,V,,N,,N,,N,,N,,N,,N,,N,,N,,N,,N,,N
08,Barcelona,019,Barcelona,004,10,2025,12,24,6,V,5,V,9,V,9,V,8,V,8,V,6,V,8,V,14,V,13,V,7,V,7,V,11,V,16,V,17,V,10,V,10,V,9,V,8,V,9,V,12,V,17,V,20,V,19,V
08,Barcelona,019,Barcelona,004,10,2025,12,25,13,V,14,V,12,V,8,V,4,V,5,V,4,V,5,V,4,V,6,V,7,V,5,V,9,V,8,V,10,V,10,V,7,V,7,V,12,V,12,V,8,V,8,V,6,V,8,V
08,Barcelona,019,Barcelona,004,10,2025,12,26,3,V,6,V,12,V,19,V,15,V,9,V,17,V,24,V,28,V,19,V,17,V,22,V,20,V,21,V,23,V,41,V,26,V,17,V,15,V,17,V,21,V,24,V,19,V,17,V
08,Barcelona,019,Barcelona,004,10,2025,12,27,13,V,16,V,13,V,14,V,11,V,12,V,15,V,25,V,23,V,23,V,24,V,19,V,17,V,,N,,N,,N,,N,,N,,N,,N,,N,,N,,N,,N
08,Barcelona,019,Barcelona,054,10,2025,12,24,3,V,3,V,3,V,4,V,3,V,3,V,3,V,4,V,5,V,4,V,4,V,4,V,5,V,6,V,7,V,7,V,7,V,6,V,6,V,7,V,8,V,12,V,11,V,14,V
08,Barcelona,019,Barcelona,054,10,2025,12,25,15,V,11,V,8,V,5,V,4,V,3,V,3,V,3,V,3,V,4,V,4,V,5,V,5,V,5,V,5,V,5,V,3,V,4,V,3,V,2,V,3,V,3,V,3,V,2,V
08,Barcelona,019,Barcelona,054,10,2025,12,26,2,V,2,V,3,V,4,V,5,V,2,V,4,V,10,V,15,V,12,V,8,V,7,V,13,V,16,V,12,V,8,V,9,V,11,V,10,V,12,V,17,V,19,V,13,V,7,V
08,Barcelona,019,Barcelona,054,10,2025,12,27,4,V,5,V,6,V,7,V,7,V,5,V,7,V,12,V,13,V,15,V,14,V,11,V,8,V,,N,,N,,N,,N,,N,,N,,N,,N,,N,,N,,N
08,Barcelona,019,Barcelona,043,9,2025,12,24,2,V,3,V,3,V,3,V,3,V,3,V,4,V,4,V,4,V,3,V,4,V,3,V,4,V,5,V,6,V,5,V,5,V,5,V,6,V,7,V,7,V,14,V,13,V,8,V
08,Barcelona,019,Barcelona,043,9,2025,12,25,4,V,8,V,8,V,6,V,4,V,3,V,3,V,3,V,3,V,4,V,4,V,5,V,6,V,6,V,7,V,8,V,5,V,4,V,5,V,4,V,4,V,6,V,5,V,3,V
08,Barcelona,019,Barcelona,043,9,2025,12,26,2,V,2,V,3,V,8,V,5,V,2,V,4,V,9,V,12,V,8,V,8,V,8,V,9,V,10,V,7,V,7,V,6,V,7,V,7,V,7,V,10,V,10,V,9,V,7,V
08,Barcelona,019,Barcelona,043,9,2025,12,27,6,V,7,V,5,V,5,V,4,V,4,V,5,V,9,V,10,V,10,V,11,V,10,V,9,V,,N,,N,,N,,N,,N,,N,,N,,N,,N,,N,,N
08,Barcelona,019,Barcelona,057,9,2025,12,24,1,V,1,V,1,V,1,V,2,V,2,V,2,V,2,V,2,V,2,V,1,V,2,V,2,V,3,V,4,V,3,V,3,V,3,V,5,V,6,V,5,V,6,V,7,V,6,V
08,Barcelona,019,Barcelona,057,9,2025,12,25,4,V,7,V,8,V,6,V,4,V,3,V,3,V,2,V,3,V,3,V,3,V,3,V,3,V,2,V,2,V,3,V,2,V,2,V,2,V,2,V,1,V,2,V,2,V,2,V
08,Barcelona,019,Barcelona,057,9,2025,12,26,1,V,1,V,1,V,2,V,2,V,2,V,2,V,5,V,7,V,5,V,5,V,5,V,5,V,5,V,4,V,3,V,3,V,4,V,5,V,5,V,6,V,6,V,6,V,3,V
08,Barcelona,019,Barcelona,057,9,2025,12,27,2,V,4,V,3,V,3,V,3,V,2,V,3,V,6,V,6,V,7,V,7,V,6,V,5,V,,N,,N,,N,,N,,N,,N,,N,,N,,N,,N,,N
08,Barcelona,019,Barcelona,057,109,2025,12,24,1.12,V,1.24,V,1.45,V,1.39,V,1.54,V,1.78,V,1.48,V,2.01,V,2.49,V,1.69,V,1.3,V,1.78,V,2.17,V,3.23,V,3.46,V,3.26,V,2.7,V,3.21,V,,N,5.42,V,4.81,V,6.09,V,7.23,V,5.41,V
08,Barcelona,019,Barcelona,057,109,2025,12,25,3.54,V,6.59,V,7.89,V,6.54,V,3.76,V,2.97,V,2.47,V,2.13,V,2.63,V,2.78,V,2.8,V,2.9,V,2.4,V,1.66,V,1.92,V,2.62,V,1.69,V,1.71,V,2.01,V,1.56,V,1.36,V,1.73,V,1.75,V,1.58,V
08,Barcelona,019,Barcelona,057,109,2025,12,26,0.93,V,0.8,V,1.14,V,2.38,V,2.26,V,1.39,V,1.82,V,5.28,V,6.95,V,5.08,V,4.79,V,4.6,V,4.88,V,,N,3.68,V,2.94,V,2.78,V,3.53,V,4.46,V,5.18,V,5.65,V,5.54,V,5.41,V,2.91,V
08,Barcelona,019,Barcelona,057,109,2025,12,27,2.26,V,3.39,V,2.57,V,2.75,V,2.65,V,1.9,V,2.84,V,5.57,V,6.35,V,6.52,V,7.3,V,,N,4.74,V,,N,,N,,N,,N,,N,,N,,N,,N,,N,,N,,N
08,Barcelona,019,Barcelona,054,9,2025,12,24,1,V,2,V,2,V,2,V,2,V,3,V,2,V,2,V,2,V,2,V,2,V,2,V,3,V,4,V,5,V,5,V,5,V,4,V,5,V,6,V,6,V,9,V,7,V,10,V
08,Barcelona,019,Barcelona,054,9,2025,12,25,12,V,8,V,6,V,3,V,2,V,2,V,2,V,2,V,2,V,3,V,3,V,4,V,5,V,4,V,4,V,5,V,2,V,2,V,2,V,1,V,2,V,2,V,2,V,2,V
08,Barcelona,019,Barcelona,054,9,2025,12,26,1,V,1,V,1,V,2,V,3,V,2,V,2,V,6,V,9,V,6,V,5,V,4,V,7,V,8,V,6,V,4,V,4,V,5,V,6,V,6,V,8,V,8,V,6,V,3,V
08,Barcelona,019,Barcelona,054,9,2025,12,27,2,V,3,V,3,V,3,V,4,V,2,V,3,V,6,V,8,V,8,V,8,V,6,V,5,V,,N,,N,,N,,N,,N,,N,,N,,N,,N,,N,,N
08,Barcelona,019,Barcelona,043,901,2025,12,24,0,V,0,V,0,V,0,V,0,V,0,V,0,V,0,V,0,V,0,V,0,V,0,V,0,V,0,V,0,V,0,V,0,V,0,V,0,V,0,V,0,V,0,V,0,V,0,V
08,Barcelona,019,Barcelona,043,901,2025,12,25,0,V,0,V,0,V,0,V,0,V,0,V,0,V,0,V,0,V,0,V,0,V,0,V,0,V,0,V,0,V,0,V,0,V,0,V,0,V,0,V,0,V,0,V,0,V,11,V
08,Barcelona,019,Barcelona,043,901,2025,12,26,808,V,0,V,0,V,0,V,0,V,0,V,0,V,0,V,0,V,0,V,0,V,0,V,0,V,0,V,0,V,0,V,0,V,0,V,0,V,0,V,0,V,0,V,0,V,0,V
08,Barcelona,019,Barcelona,043,901,2025,12,27,0,V,0,V,0,V,0,V,0,V,0,V,0,V,0,V,0,V,0,V,0,V,0,V,0,V,,N,,N,,N,,N,,N,,N,,N,,N,,N,,N,,N
08,Barcelona,019,Barcelona,054,901,2025,12,24,0,V,0,V,0,V,0,V,0,V,0,V,0,V,0,V,0,V,0,V,0,V,0,V,0,V,0,V,0,V,0,V,0,V,0,V,0,V,0,V,0,V,0,V,0,V,0,V
08,Barcelona,019,Barcelona,054,901,2025,12,25,0,V,0,V,0,V,0,V,0,V,0,V,0,V,0,V,0,V,0,V,0,V,0,V,0,V,0,V,0,V,0,V,0,V,0,V,0,V,0,V,0,V,0,V,0,V,97,V
08,Barcelona,019,Barcelona,054,901,2025,12,26,723,V,0,V,0,V,0,V,0,V,0,V,0,V,0,V,0,V,0,V,0,V,0,V,0,V,0,V,0,V,0,V,0,V,0,V,0,V,0,V,0,V,0,V,0,V,0,V
08,Barcelona,019,Barcelona,054,901,2025,12,27,0,V,0,V,0,V,0,V,0,V,0,V,0,V,0,V,0,V,0,V,0,V,0,V,0,V,,N,,N,,N,,N,,N,,N,,N,,N,,N,,N,,N
08,Barcelona,019,Barcelona,043,1,2025,12,24,2,V,2,V,2,V,2,V,2,V,2,V,2,V,2,V,2,V,2,V,3,V,3,V,3,V,5,V,5,V,5,V,5,V,5,V,5,V,5,V,5,V,3,V,2,V,2,V
08,Barcelona,019,Barcelona,043,1,2025,12,25,2,V,3,V,3,V,3,V,3,V,2,V,2,V,3,V,2,V,3,V,2,V,2,V,3,V,3,V,2,V,2,V,3,V,2,V,2,V,2,V,2,V,2,V,2,V,2,V
08,Barcelona,019,Barcelona,043,1,2025,12,26,3,V,3,V,3,V,3,V,3,V,3,V,3,V,3,V,3,V,3,V,3,V,3,V,3,V,3,V,3,V,3,V,3,V,3,V,2,V,2,V,2,V,2,V,2,V,2,V
08,Barcelona,019,Barcelona,043,1,2025,12,27,2,V,2,V,2,V,3,V,3,V,3,V,2,V,2,V,3,V,3,V,2,V,2,V,2,V,,N,,N,,N,,N,,N,,N,,N,,N,,N,,N,,N
08,Barcelona,019,Barcelona,044,1,2025,12,24,3,V,3,V,3,V,3,V,3,V,3,V,3,V,3,V,3,V,3,V,4,V,3,V,3,V,3,V,4,V,4,V,4,V,4,V,4,V,4,V,4,V,3,V,3,V,3,V
08,Barcelona,019,Barcelona,044,1,2025,12,25,3,V,3,V,3,V,3,V,3,V,4,V,3,V,3,V,3,V,3,V,3,V,3,V,3,V,3,V,3,V,3,V,3,V,3,V,3,V,3,V,3,V,4,V,3,V,3,V
08,Barcelona,019,Barcelona,044,1,2025,12,26,3,V,3,V,3,V,3,V,3,V,3,V,3,V,3,V,4,V,4,V,3,V,3,V,3,V,3,V,3,V,3,V,3,V,3,V,3,V,4,V,4,V,3,V,3,V,3,V
08,Barcelona,019,Barcelona,044,1,2025,12,27,3,V,3,V,3,V,4,V,3,V,3,V,3,V,4,V,3,V,4,V,4,V,4,V,3,V,,N,,N,,N,,N,,N,,N,,N,,N,,N,,N,,N
08,Barcelona,019,Barcelona,057,1,2025,12,24,1,V,1,V,1,V,1,V,1,V,2,V,2,V,1,V,1,V,1,V,1,V,1,V,1,V,1,V,1,V,1,V,2,V,1,V,2,V,2,V,2,V,1,V,1,V,1,V
08,Barcelona,019,Barcelona,057,1,2025,12,25,1,V,1,V,1,V,1,V,1,V,1,V,1,V,1,V,1,V,1,V,1,V,1,V,2,V,1,V,2,V,1,V,2,V,1,V,2,V,1,V,2,V,1,V,2,V,1,V
08,Barcelona,019,Barcelona,057,1,2025,12,26,2,V,2,V,1,V,2,V,1,V,2,V,1,V,1,V,2,V,2,V,2,V,2,V,1,V,2,V,1,V,2,V,2,V,2,V,2,V,2,V,1,V,2,V,1,V,1,V
08,Barcelona,019,Barcelona,057,1,2025,12,27,1,V,1,V,2,V,2,V,2,V,1,V,1,V,2,V,2,V,2,V,2,V,2,V,2,V,,N,,N,,N,,N,,N,,N,,N,,N,,N,,N,,N
08,Barcelona,019,Barcelona,057,101,2025,12,24,0.91,V,0.99,V,0.81,V,0.89,V,0.72,V,1.55,V,1.38,V,1.16,V,0.99,V,0.52,V,0.95,V,1.04,V,1.03,V,0.88,V,0.86,V,0.94,V,1.13,V,0.99,V,1.43,V,1.4,V,1.25,V,0.98,V,0.92,V,0.74,V
08,Barcelona,019,Barcelona,057,101,2025,12,25,0.64,V,1.1,V,1.24,V,0.89,V,0.43,V,0.67,V,0.79,V,0.98,V,1.12,V,0.92,V,0.93,V,1.15,V,1.35,V,0.98,V,1.53,V,1.34,V,1.33,V,1.29,V,1.45,V,1.35,V,1.22,V,1.1,V,1.14,V,1.27,V
08,Barcelona,019,Barcelona,057,101,2025,12,26,1.27,V,1.43,V,1.13,V,1.4,V,1.12,V,1.3,V,1.09,V,1.18,V,1.34,V,1.45,V,1.36,V,1.48,V,1.08,V,1.25,V,1.18,V,1.23,V,1.33,V,1.51,V,1.25,V,1.33,V,0.95,V,1.3,V,1.08,V,0.96,V
08,Barcelona,019,Barcelona,057,101,2025,12,27,0.91,V,1.03,V,1.53,V,1.52,V,1.19,V,1.14,V,0.76,V,1.61,V,1.52,V,1.47,V,1.35,V,1.25,V,1.21,V,,N,,N,,N,,N,,N,,N,,N,,N,,N,,N,,N
08,Barcelona,019,Barcelona,054,1,2025,12,24,3,V,3,V,3,V,2,V,3,V,3,V,3,V,3,V,3,V,3,V,3,V,3,V,3,V,3,V,3,V,3,V,3,V,2,V,2,V,2,V,3,V,3,V,3,V,3,V
08,Barcelona,019,Barcelona,054,1,2025,12,25,3,V,3,V,2,V,3,V,3,V,3,V,3,V,3,V,3,V,3,V,3,V,3,V,3,V,3,V,3,V,3,V,3,V,3,V,3,V,2,V,3,V,3,V,3,V,3,V
08,Barcelona,019,Barcelona,054,1,2025,12,26,3,V,2,V,2,V,2,V,3,V,2,V,3,V,2,V,3,V,2,V,3,V,3,V,3,V,2,V,2,V,2,V,3,V,2,V,3,V,3,V,2,V,2,V,2,V,2,V
08,Barcelona,019,Barcelona,054,1,2025,12,27,2,V,2,V,2,V,3,V,2,V,2,V,2,V,2,V,3,V,3,V,2,V,2,V,3,V,,N,,N,,N,,N,,N,,N,,N,,N,,N,,N,,N
